{"cameraMode":{"drawMode":0,"name":"Shaded","section":"Shading Mode"},"sceneLighting":false,"audioPlay":false,"sceneViewState":{"showFog":true,"showMaterialUpdate":false,"showSkybox":true,"showFlares":true,"showImageEffects":true,"showParticleSystems":true},"in2DMode":false,"pivot":{"x":0.5112413763999939,"y":0.11180774122476578,"z":0.30291563272476199},"rotation":{"x":0.11925745755434036,"y":0.050906792283058169,"z":-0.006122886203229427,"w":0.9915397763252258},"size":1.3015623092651368,"orthographic":false}