{"cameraMode":{"drawMode":0,"name":"Shaded","section":"Shading Mode"},"sceneLighting":true,"audioPlay":false,"sceneViewState":{"showFog":true,"showMaterialUpdate":false,"showSkybox":true,"showFlares":true,"showImageEffects":true,"showParticleSystems":true},"in2DMode":false,"pivot":{"x":0.00799483060836792,"y":1.1399989128112794,"z":-4.946791172027588},"rotation":{"x":-0.14836886525154115,"y":0.8477997183799744,"z":-0.31360936164855959,"w":-0.40109750628471377},"size":1.3295800685882569,"orthographic":true}