{"cameraMode":{"drawMode":0,"name":"Shaded","section":"Shading Mode"},"sceneLighting":true,"audioPlay":false,"sceneViewState":{"showFog":true,"showMaterialUpdate":false,"showSkybox":true,"showFlares":true,"showImageEffects":true,"showParticleSystems":true},"in2DMode":false,"pivot":{"x":-3.662294864654541,"y":4.26914644241333,"z":-0.0010166466236114503},"rotation":{"x":-0.1343148797750473,"y":0.5573544502258301,"z":-0.09194830060005188,"w":-0.8141649961471558},"size":2.4399614334106447,"orthographic":true}